"prior","region","prior_t_hr","posterior_t_hr","ratio_post_prior","prior_fossil_share","posterior_fossil_share","fossil_t_hr"
"EPA GHGI 2020","Paper 1 box (urban)","2.8","3.6 [2.6-5.1]","1.29","0.55","0.43 [0.20-0.64]","1.5"
"GRA2PES v1.1","Paper 1 box (urban)","1.7","5.2 [3.8-7.0]","3.06","0.70","0.90 [0.83-0.95]","4.6"
"GRA2PES v2.0b","Paper 1 box (urban)","16.5","6.6 [4.8-9.2]","0.40","0.23","0.39 [0.27-0.52]","2.5"
"EPA GHGI 2020","Observed domain","25.9","35.3 [27.9-43.5]","1.36","0.39","0.30 [0.22-0.40]","10.5"
"GRA2PES v1.1","Observed domain","34.6","34.4 [27.5-43.3]","1.00","0.38","0.41 [0.29-0.55]","14.0"
"GRA2PES v2.0b","Observed domain","59.0","32.5 [26.6-40.0]","0.55","0.42","0.37 [0.30-0.45]","12.0"
"EPA GHGI 2020","DJ Basin","18.8","26.9 [20.9-33.5]","1.43","0.40","0.29 [0.21-0.40]","7.9"
"GRA2PES v1.1","DJ Basin","29.1","24.7 [19.3-31.9]","0.85","0.36","0.29 [0.18-0.44]","7.1"
"GRA2PES v2.0b","DJ Basin","34.6","20.8 [16.8-25.8]","0.60","0.53","0.39 [0.31-0.50]","8.2"
